{
  "mean": [
    0.06767175903320312,
    0.08879991760253907,
    0.0997650390625,
    0.10154393920898437,
    0.0960443359375,
    0.08945546264648438,
    0.08015086364746093,
    0.06969027709960937,
    0.06192630310058594,
    0.05484130859375,
    0.04740328674316406,
    0.040777572631835936,
    0.03398001098632813,
    0.02678900146484375,
    0.019682928466796874,
    0.02147799377441406,
    0.3851401105426252,
    0.20201927217617632,
    0.35398139670705425,
    0.35778065490722655,
    0.1019280029296875,
    0.32111301405876874,
    0.16190300293751062,
    0.44575897743701937,
    0.40007802427485584,
    0.3828361733905971,
    0.3578240925518796,
    0.04225393172539771,
    0.017241850893199444,
    0.02501208080947399,
    0.12360969264442101,
    0.23315953369317577,
    0.5102530368756503,
    0.7526963588178158,
    3.2366992349624635
  ],
  "scale": [
    0.11999804117239093,
    0.08934077579575972,
    0.07789585873097497,
    0.07178871195868713,
    0.06533060939030859,
    0.061914201102210215,
    0.06043736850151464,
    0.05581001629313533,
    0.053972837805803156,
    0.05448784907992312,
    0.05263305583898023,
    0.05039106758287175,
    0.04727740983556334,
    0.04248010686102003,
    0.040243629878504834,
    0.04564893887669839,
    0.13326030529868865,
    0.0525754496369712,
    0.16568777700593562,
    0.24252046133462324,
    0.12197149946911025,
    0.1577374785834305,
    0.056382753144990694,
    0.14274831107037186,
    0.13485255227569534,
    0.13701378011820878,
    0.15649345975853068,
    0.11533144125958328,
    0.0649377315856377,
    0.06662713099851578,
    0.10190759187097245,
    0.13960471105537545,
    0.1818446970239964,
    0.15121393302747801,
    0.40442383841362195
  ]
}