{
  "mean": [
    0.16379867278131047,
    0.11683985944184318,
    0.0961226178040579,
    0.08766886655686205,
    0.08051907366696032,
    0.07390797925223384,
    0.0658944819327786,
    0.057271318526853465,
    0.050827568263778884,
    0.04509490443426663,
    0.03921461315215819,
    0.03386029967011188,
    0.028410306702725423,
    0.022615713819167126,
    0.017610425742122286,
    0.020343298252769766,
    0.3320153771122172,
    0.18721933139229158,
    0.29809257339913175,
    0.4644300165840736,
    0.08897816514295843,
    0.3290216087074327,
    0.16912334855566177,
    0.3831016146423122,
    0.3449122970513881,
    0.33004649343519743,
    0.30832726421540113,
    0.03658503282443198,
    0.014865803622268508,
    0.021719229191915955,
    0.09948800398644497,
    0.19190855231183346,
    0.445491972764057,
    0.6754821516224448,
    2.924405753438072
  ],
  "scale": [
    0.24574535814171058,
    0.1219990275831285,
    0.08384902827213245,
    0.07302253987155959,
    0.06716831280589255,
    0.06349500683227355,
    0.06108034286182468,
    0.05562202404436106,
    0.05283007848218075,
    0.052301862128639964,
    0.0499146927753007,
    0.047299354027459745,
    0.04415279159394077,
    0.03931806148698808,
    0.03800683959747932,
    0.04692474718836618,
    0.1645620074387403,
    0.07639759051744191,
    0.1884384375872495,
    0.3077390329531574,
    0.1181474899407959,
    0.16685700267067569,
    0.06140162711241584,
    0.1821796143264667,
    0.16792741818928492,
    0.16690266578375615,
    0.17578978695573763,
    0.10470970501213352,
    0.05879853908600236,
    0.06052174503185099,
    0.10084150733073129,
    0.14787121831563552,
    0.22809753200520957,
    0.24901971303179937,
    0.8330254917155576
  ]
}